variavel,importancia
VAL_SH,199360846.588265
VAL_SP,96658140.7432968
MORTE,5204833.902507892
SEXO,38823.870107260336
