modelo,RMSE,MAE,R2
Regressao_Linear_Stepwise,5.204804527953262,3.1559728729406755,0.9999852989333163
Arvore_Regressao,743.4869556339547,181.07517401637514,0.7000238640353857
