TARGET_I219,frequencia,percentual
0,15129,95.68049582595498
1,683,4.319504174045029
