TARGET_FATOR,frequencia,percentual,conjunto
0,10588,95.66317311167329,Treino
1,480,4.336826888326708,Treino
0,4541,95.72091062394604,Teste
1,203,4.279089376053963,Teste
