variavel,beta,erro_padrao,OR,IC95_inf,IC95_sup
RACACORPreta,0.0314000789950804,0.05004632659221551,1.0318982621328041,0.9354844821878544,1.1382487295806116
RACACORAmarela,-0.0774404839512905,0.18327281775884532,0.9254821037955357,0.6461941963960185,1.3254794444500033
RACACORParda,0.09651278391991719,0.029574798374294727,1.1013236602872767,1.039298721135964,1.167050223426464
RACACORIndigena,-12.514935066914099,90.06257132862459,3.671408922745562e-6,7.980394509237251e-83,16890447536664745e55
IDADEanos,0.0013078592007592235,0.0010313112284959414,1.0013087148215736,0.9992867436812127,1.003334777247362
