variavel,beta,erro_padrao,OR,IC95_inf,IC95_sup
RACACORPreta,0.023961029366448387,0.049699257150819354,1.0242504014257825,0.9291830547399174,1.1290443572655569
RACACORAmarela,-0.07544331201676381,0.18326306006447246,0.9273322976417662,0.6474984302451939,1.3281038996865433
RACACORParda,0.0888905247569766,0.028955338385457424,1.092960997605788,1.0326600660837082,1.1567831288545316
RACACORIndigena,-12.525674501482975,90.0676982788267,3.6321910327595724e-6,7.816208500693261e-83,16878786814974415e55
