Modelo,AUC,Acuracia,Sensibilidade,Especificidade,Precisao,F1
Regressao_Logistica_Stepwise_Oficial,0.5247433617950518,0.5695615514333895,0.47783251231527096,0.5736621889451663,0.04771273979340875,0.08676207513416816
Regressao_Logistica_Completa,0.5228313895400739,0.553752107925801,0.5024630541871922,0.5560449240255451,0.04815864022662889,0.08789314950452391
Arvore_Decisao_Treino_Original,0.5,0.9572091062394603,0,1,NA,NA
